[{"model": "contenttypes.contenttype", "pk": 1, "fields": {"app_label": "auth", "model": "permission"}}, {"model": "contenttypes.contenttype", "pk": 2, "fields": {"app_label": "auth", "model": "group"}}, {"model": "contenttypes.contenttype", "pk": 3, "fields": {"app_label": "contenttypes", "model": "contenttype"}}, {"model": "contenttypes.contenttype", "pk": 4, "fields": {"app_label": "sessions", "model": "session"}}, {"model": "contenttypes.contenttype", "pk": 5, "fields": {"app_label": "sites", "model": "site"}}, {"model": "contenttypes.contenttype", "pk": 6, "fields": {"app_label": "admin", "model": "logentry"}}, {"model": "contenttypes.contenttype", "pk": 7, "fields": {"app_label": "account", "model": "emailaddress"}}, {"model": "contenttypes.contenttype", "pk": 8, "fields": {"app_label": "account", "model": "emailconfirmation"}}, {"model": "contenttypes.contenttype", "pk": 9, "fields": {"app_label": "socialaccount", "model": "socialaccount"}}, {"model": "contenttypes.contenttype", "pk": 10, "fields": {"app_label": "socialaccount", "model": "socialapp"}}, {"model": "contenttypes.contenttype", "pk": 11, "fields": {"app_label": "socialaccount", "model": "socialtoken"}}, {"model": "contenttypes.contenttype", "pk": 12, "fields": {"app_label": "users", "model": "user"}}, {"model": "contenttypes.contenttype", "pk": 13, "fields": {"app_label": "domain", "model": "beacon"}}, {"model": "contenttypes.contenttype", "pk": 14, "fields": {"app_label": "domain", "model": "cliente"}}, {"model": "contenttypes.contenttype", "pk": 15, "fields": {"app_label": "domain", "model": "compra"}}, {"model": "contenttypes.contenttype", "pk": 16, "fields": {"app_label": "domain", "model": "compraproducto"}}, {"model": "contenttypes.contenttype", "pk": 17, "fields": {"app_label": "domain", "model": "interaccion"}}, {"model": "contenttypes.contenttype", "pk": 18, "fields": {"app_label": "domain", "model": "notificacion"}}, {"model": "contenttypes.contenttype", "pk": 19, "fields": {"app_label": "domain", "model": "producto"}}, {"model": "contenttypes.contenttype", "pk": 20, "fields": {"app_label": "domain", "model": "tipoproducto"}}, {"model": "sites.site", "pk": 1, "fields": {"domain": "example.com", "name": "Maestria"}}, {"model": "domain.beacon", "pk": 1, "fields": {"referencia": "980-76-3118", "modelo": "45698", "ubicacion": "-165.018599"}}, {"model": "domain.beacon", "pk": 2, "fields": {"referencia": "960-87-4293", "modelo": "78900", "ubicacion": "-126.207754"}}, {"model": "domain.beacon", "pk": 3, "fields": {"referencia": "991-77-5131", "modelo": "06904", "ubicacion": "62.796082"}}, {"model": "domain.beacon", "pk": 4, "fields": {"referencia": "986-85-5457", "modelo": "65578", "ubicacion": "-37.068643"}}, {"model": "domain.beacon", "pk": 5, "fields": {"referencia": "911-88-8240", "modelo": "88966", "ubicacion": "116.633278"}}, {"model": "domain.beacon", "pk": 6, "fields": {"referencia": "947-99-3450", "modelo": "02955", "ubicacion": "52.452112"}}, {"model": "domain.tipoproducto", "pk": 1, "fields": {"nombre": "['entire', 'radio', 'hit']"}}, {"model": "domain.tipoproducto", "pk": 2, "fields": {"nombre": "['job', 'top', 'actually']"}}, {"model": "domain.tipoproducto", "pk": 3, "fields": {"nombre": "['worry', 'front', 'key']"}}, {"model": "domain.tipoproducto", "pk": 4, "fields": {"nombre": "discuss"}}, {"model": "domain.tipoproducto", "pk": 5, "fields": {"nombre": "director"}}, {"model": "domain.tipoproducto", "pk": 6, "fields": {"nombre": "might"}}, {"model": "domain.tipoproducto", "pk": 7, "fields": {"nombre": "economy"}}, {"model": "domain.tipoproducto", "pk": 8, "fields": {"nombre": "great"}}, {"model": "domain.tipoproducto", "pk": 9, "fields": {"nombre": "tend"}}, {"model": "domain.tipoproducto", "pk": 10, "fields": {"nombre": "simple"}}, {"model": "domain.tipoproducto", "pk": 11, "fields": {"nombre": "Democrat"}}, {"model": "domain.tipoproducto", "pk": 12, "fields": {"nombre": "beat"}}, {"model": "domain.tipoproducto", "pk": 13, "fields": {"nombre": "glass"}}, {"model": "domain.tipoproducto", "pk": 14, "fields": {"nombre": "medical"}}, {"model": "domain.tipoproducto", "pk": 15, "fields": {"nombre": "rather"}}, {"model": "domain.tipoproducto", "pk": 16, "fields": {"nombre": "serve"}}, {"model": "domain.producto", "pk": 1, "fields": {"nombre": "Ryan Phelps", "referencia": "jeffreygarcia@gmail.com", "precio": -49645214.99, "tipoProducto": 3}}, {"model": "domain.producto", "pk": 2, "fields": {"nombre": "David Roberts", "referencia": "latasha08@hotmail.com", "precio": -280707249347.79, "tipoProducto": 4}}, {"model": "domain.producto", "pk": 3, "fields": {"nombre": "Cindy Weiss", "referencia": "bjohnson@maldonado-bradley.com", "precio": -690062150.94, "tipoProducto": 5}}, {"model": "domain.producto", "pk": 4, "fields": {"nombre": "John Clark", "referencia": "zmason@reyes.com", "precio": -14596103896.0, "tipoProducto": 6}}, {"model": "domain.producto", "pk": 5, "fields": {"nombre": "Stephanie Munoz", "referencia": "erica53@yahoo.com", "precio": 1801807531650.32, "tipoProducto": 7}}, {"model": "domain.producto", "pk": 6, "fields": {"nombre": "Harold Burton", "referencia": "brandon68@gmail.com", "precio": 194517658931.247, "tipoProducto": 8}}, {"model": "domain.producto", "pk": 7, "fields": {"nombre": "Richard Jacobs", "referencia": "dylanwagner@gmail.com", "precio": 3466250303.8649, "tipoProducto": 9}}, {"model": "domain.producto", "pk": 8, "fields": {"nombre": "John Carson", "referencia": "macklisa@gmail.com", "precio": 44374.0, "tipoProducto": 10}}, {"model": "domain.producto", "pk": 9, "fields": {"nombre": "Amanda Vasquez", "referencia": "teresagilmore@yahoo.com", "precio": -912246.2559, "tipoProducto": 11}}, {"model": "domain.producto", "pk": 10, "fields": {"nombre": "Gwendolyn Delgado", "referencia": "kentmyers@andersen.org", "precio": -82.54359, "tipoProducto": 12}}, {"model": "domain.producto", "pk": 11, "fields": {"nombre": "Stephen Walsh", "referencia": "kiddbailey@dillon.com", "precio": 7237073709.6513, "tipoProducto": 13}}, {"model": "domain.producto", "pk": 12, "fields": {"nombre": "Robert Gutierrez", "referencia": "jamesacosta@nichols.org", "precio": 1986320266.74, "tipoProducto": 14}}, {"model": "domain.producto", "pk": 13, "fields": {"nombre": "Tina Salazar", "referencia": "jodicontreras@campbell-guzman.com", "precio": 1730513419.68762, "tipoProducto": 15}}, {"model": "domain.producto", "pk": 14, "fields": {"nombre": "Christopher Roberts DDS", "referencia": "nicole77@gmail.com", "precio": 696.74151, "tipoProducto": 16}}, {"model": "domain.notificacion", "pk": 1, "fields": {"producto": 3, "beacon": 2, "mensaje": "Record us make able pattern. Mother process start have get trouble cold."}}, {"model": "domain.notificacion", "pk": 2, "fields": {"producto": 4, "beacon": 3, "mensaje": "Within consider great product article store. World from according senior hospital."}}, {"model": "domain.notificacion", "pk": 3, "fields": {"producto": 10, "beacon": 4, "mensaje": "Billion security road. Side education such very fire thousand arrive bring."}}, {"model": "domain.notificacion", "pk": 4, "fields": {"producto": 12, "beacon": 5, "mensaje": "Us outside crime hour. Nice around level training. Fact model be improve member become suggest."}}, {"model": "domain.notificacion", "pk": 5, "fields": {"producto": 14, "beacon": 6, "mensaje": "Image way not entire. Among cost drop black language house century."}}, {"model": "domain.interaccion", "pk": 1, "fields": {"cliente": 3, "notificacion": 2, "fecha": "2018-11-07T05:00:37.640Z", "materializado": false}}, {"model": "domain.compra", "pk": 1, "fields": {"cliente": 4, "fecha": "2018-11-07T05:14:14.763Z", "medioPago": 2, "descuento": 1314983185.27673}}, {"model": "domain.compra", "pk": 2, "fields": {"cliente": 5, "fecha": "2018-11-07T05:14:54.701Z", "medioPago": 3, "descuento": 237110901874.53}}, {"model": "domain.compra", "pk": 3, "fields": {"cliente": 6, "fecha": "2018-11-07T05:21:23.570Z", "medioPago": 2, "descuento": 32784.8503}}, {"model": "domain.compra", "pk": 4, "fields": {"cliente": 7, "fecha": "2018-11-07T05:29:09.560Z", "medioPago": 2, "descuento": 127266508210.53}}, {"model": "domain.compra", "pk": 5, "fields": {"cliente": 8, "fecha": "2018-11-07T05:29:47.435Z", "medioPago": 3, "descuento": 507315602.151036}}, {"model": "domain.compra", "pk": 6, "fields": {"cliente": 9, "fecha": "2018-11-07T05:29:47.463Z", "medioPago": 1, "descuento": 3079.2371835}}, {"model": "domain.compra", "pk": 7, "fields": {"cliente": 10, "fecha": "2018-11-07T05:29:47.491Z", "medioPago": 3, "descuento": 35645025693.297}}, {"model": "domain.compraproducto", "pk": 1, "fields": {"compra": 2, "producto": 6, "cantidad": 6777, "descuento": 82385740216949.5}}, {"model": "domain.compraproducto", "pk": 2, "fields": {"compra": 3, "producto": 7, "cantidad": 142, "descuento": 66.253065063211}}, {"model": "domain.compraproducto", "pk": 3, "fields": {"compra": 4, "producto": 8, "cantidad": 179, "descuento": 79.0}}, {"model": "domain.compraproducto", "pk": 4, "fields": {"compra": 5, "producto": 9, "cantidad": 77, "descuento": 78.0}}, {"model": "domain.compraproducto", "pk": 5, "fields": {"compra": 6, "producto": 11, "cantidad": 96, "descuento": 9.7}}, {"model": "domain.compraproducto", "pk": 6, "fields": {"compra": 7, "producto": 13, "cantidad": 169, "descuento": 13.0}}, {"model": "auth.permission", "pk": 1, "fields": {"name": "Can add permission", "content_type": 1, "codename": "add_permission"}}, {"model": "auth.permission", "pk": 2, "fields": {"name": "Can change permission", "content_type": 1, "codename": "change_permission"}}, {"model": "auth.permission", "pk": 3, "fields": {"name": "Can delete permission", "content_type": 1, "codename": "delete_permission"}}, {"model": "auth.permission", "pk": 4, "fields": {"name": "Can add group", "content_type": 2, "codename": "add_group"}}, {"model": "auth.permission", "pk": 5, "fields": {"name": "Can change group", "content_type": 2, "codename": "change_group"}}, {"model": "auth.permission", "pk": 6, "fields": {"name": "Can delete group", "content_type": 2, "codename": "delete_group"}}, {"model": "auth.permission", "pk": 7, "fields": {"name": "Can add content type", "content_type": 3, "codename": "add_contenttype"}}, {"model": "auth.permission", "pk": 8, "fields": {"name": "Can change content type", "content_type": 3, "codename": "change_contenttype"}}, {"model": "auth.permission", "pk": 9, "fields": {"name": "Can delete content type", "content_type": 3, "codename": "delete_contenttype"}}, {"model": "auth.permission", "pk": 10, "fields": {"name": "Can add session", "content_type": 4, "codename": "add_session"}}, {"model": "auth.permission", "pk": 11, "fields": {"name": "Can change session", "content_type": 4, "codename": "change_session"}}, {"model": "auth.permission", "pk": 12, "fields": {"name": "Can delete session", "content_type": 4, "codename": "delete_session"}}, {"model": "auth.permission", "pk": 13, "fields": {"name": "Can add site", "content_type": 5, "codename": "add_site"}}, {"model": "auth.permission", "pk": 14, "fields": {"name": "Can change site", "content_type": 5, "codename": "change_site"}}, {"model": "auth.permission", "pk": 15, "fields": {"name": "Can delete site", "content_type": 5, "codename": "delete_site"}}, {"model": "auth.permission", "pk": 16, "fields": {"name": "Can add log entry", "content_type": 6, "codename": "add_logentry"}}, {"model": "auth.permission", "pk": 17, "fields": {"name": "Can change log entry", "content_type": 6, "codename": "change_logentry"}}, {"model": "auth.permission", "pk": 18, "fields": {"name": "Can delete log entry", "content_type": 6, "codename": "delete_logentry"}}, {"model": "auth.permission", "pk": 19, "fields": {"name": "Can add email address", "content_type": 7, "codename": "add_emailaddress"}}, {"model": "auth.permission", "pk": 20, "fields": {"name": "Can change email address", "content_type": 7, "codename": "change_emailaddress"}}, {"model": "auth.permission", "pk": 21, "fields": {"name": "Can delete email address", "content_type": 7, "codename": "delete_emailaddress"}}, {"model": "auth.permission", "pk": 22, "fields": {"name": "Can add email confirmation", "content_type": 8, "codename": "add_emailconfirmation"}}, {"model": "auth.permission", "pk": 23, "fields": {"name": "Can change email confirmation", "content_type": 8, "codename": "change_emailconfirmation"}}, {"model": "auth.permission", "pk": 24, "fields": {"name": "Can delete email confirmation", "content_type": 8, "codename": "delete_emailconfirmation"}}, {"model": "auth.permission", "pk": 25, "fields": {"name": "Can add social account", "content_type": 9, "codename": "add_socialaccount"}}, {"model": "auth.permission", "pk": 26, "fields": {"name": "Can change social account", "content_type": 9, "codename": "change_socialaccount"}}, {"model": "auth.permission", "pk": 27, "fields": {"name": "Can delete social account", "content_type": 9, "codename": "delete_socialaccount"}}, {"model": "auth.permission", "pk": 28, "fields": {"name": "Can add social application", "content_type": 10, "codename": "add_socialapp"}}, {"model": "auth.permission", "pk": 29, "fields": {"name": "Can change social application", "content_type": 10, "codename": "change_socialapp"}}, {"model": "auth.permission", "pk": 30, "fields": {"name": "Can delete social application", "content_type": 10, "codename": "delete_socialapp"}}, {"model": "auth.permission", "pk": 31, "fields": {"name": "Can add social application token", "content_type": 11, "codename": "add_socialtoken"}}, {"model": "auth.permission", "pk": 32, "fields": {"name": "Can change social application token", "content_type": 11, "codename": "change_socialtoken"}}, {"model": "auth.permission", "pk": 33, "fields": {"name": "Can delete social application token", "content_type": 11, "codename": "delete_socialtoken"}}, {"model": "auth.permission", "pk": 34, "fields": {"name": "Can add user", "content_type": 12, "codename": "add_user"}}, {"model": "auth.permission", "pk": 35, "fields": {"name": "Can change user", "content_type": 12, "codename": "change_user"}}, {"model": "auth.permission", "pk": 36, "fields": {"name": "Can delete user", "content_type": 12, "codename": "delete_user"}}, {"model": "auth.permission", "pk": 37, "fields": {"name": "Can add beacon", "content_type": 13, "codename": "add_beacon"}}, {"model": "auth.permission", "pk": 38, "fields": {"name": "Can change beacon", "content_type": 13, "codename": "change_beacon"}}, {"model": "auth.permission", "pk": 39, "fields": {"name": "Can delete beacon", "content_type": 13, "codename": "delete_beacon"}}, {"model": "auth.permission", "pk": 40, "fields": {"name": "Can add cliente", "content_type": 14, "codename": "add_cliente"}}, {"model": "auth.permission", "pk": 41, "fields": {"name": "Can change cliente", "content_type": 14, "codename": "change_cliente"}}, {"model": "auth.permission", "pk": 42, "fields": {"name": "Can delete cliente", "content_type": 14, "codename": "delete_cliente"}}, {"model": "auth.permission", "pk": 43, "fields": {"name": "Can add compra", "content_type": 15, "codename": "add_compra"}}, {"model": "auth.permission", "pk": 44, "fields": {"name": "Can change compra", "content_type": 15, "codename": "change_compra"}}, {"model": "auth.permission", "pk": 45, "fields": {"name": "Can delete compra", "content_type": 15, "codename": "delete_compra"}}, {"model": "auth.permission", "pk": 46, "fields": {"name": "Can add compra producto", "content_type": 16, "codename": "add_compraproducto"}}, {"model": "auth.permission", "pk": 47, "fields": {"name": "Can change compra producto", "content_type": 16, "codename": "change_compraproducto"}}, {"model": "auth.permission", "pk": 48, "fields": {"name": "Can delete compra producto", "content_type": 16, "codename": "delete_compraproducto"}}, {"model": "auth.permission", "pk": 49, "fields": {"name": "Can add interaccion", "content_type": 17, "codename": "add_interaccion"}}, {"model": "auth.permission", "pk": 50, "fields": {"name": "Can change interaccion", "content_type": 17, "codename": "change_interaccion"}}, {"model": "auth.permission", "pk": 51, "fields": {"name": "Can delete interaccion", "content_type": 17, "codename": "delete_interaccion"}}, {"model": "auth.permission", "pk": 52, "fields": {"name": "Can add notificacion", "content_type": 18, "codename": "add_notificacion"}}, {"model": "auth.permission", "pk": 53, "fields": {"name": "Can change notificacion", "content_type": 18, "codename": "change_notificacion"}}, {"model": "auth.permission", "pk": 54, "fields": {"name": "Can delete notificacion", "content_type": 18, "codename": "delete_notificacion"}}, {"model": "auth.permission", "pk": 55, "fields": {"name": "Can add producto", "content_type": 19, "codename": "add_producto"}}, {"model": "auth.permission", "pk": 56, "fields": {"name": "Can change producto", "content_type": 19, "codename": "change_producto"}}, {"model": "auth.permission", "pk": 57, "fields": {"name": "Can delete producto", "content_type": 19, "codename": "delete_producto"}}, {"model": "auth.permission", "pk": 58, "fields": {"name": "Can add tipo producto", "content_type": 20, "codename": "add_tipoproducto"}}, {"model": "auth.permission", "pk": 59, "fields": {"name": "Can change tipo producto", "content_type": 20, "codename": "change_tipoproducto"}}, {"model": "auth.permission", "pk": 60, "fields": {"name": "Can delete tipo producto", "content_type": 20, "codename": "delete_tipoproducto"}}, {"model": "users.user", "pk": 1, "fields": {"password": "L70NRzgm+h", "last_login": null, "is_superuser": false, "username": "whitecody", "first_name": "", "last_name": "", "email": "jwright@yahoo.com", "is_staff": false, "is_active": true, "date_joined": "2018-11-07T04:18:29.393Z", "name": "Toni Howell", "groups": [], "user_permissions": []}}, {"model": "users.user", "pk": 2, "fields": {"password": "j5_3UrVzoQ", "last_login": null, "is_superuser": false, "username": "jreed", "first_name": "", "last_name": "", "email": "palmerjohn@waller.com", "is_staff": false, "is_active": true, "date_joined": "2018-11-07T04:24:58.548Z", "name": "Christopher Shah", "groups": [], "user_permissions": []}}, {"model": "users.user", "pk": 3, "fields": {"password": "#VT$hJM0h7", "last_login": null, "is_superuser": false, "username": "rsantos", "first_name": "", "last_name": "", "email": "brownmegan@howe.com", "is_staff": false, "is_active": true, "date_joined": "2018-11-07T05:00:37.609Z", "name": "Alexander Long", "groups": [], "user_permissions": []}}, {"model": "users.user", "pk": 4, "fields": {"password": "c^5uDQwENk", "last_login": null, "is_superuser": false, "username": "marymoyer", "first_name": "", "last_name": "", "email": "justin62@nguyen.biz", "is_staff": false, "is_active": true, "date_joined": "2018-11-07T05:14:14.736Z", "name": "Roy Nelson", "groups": [], "user_permissions": []}}, {"model": "users.user", "pk": 5, "fields": {"password": "rkh+1IH3(4", "last_login": null, "is_superuser": false, "username": "howekelly", "first_name": "", "last_name": "", "email": "jessica99@hotmail.com", "is_staff": false, "is_active": true, "date_joined": "2018-11-07T05:14:54.689Z", "name": "Steven Rivera", "groups": [], "user_permissions": []}}, {"model": "users.user", "pk": 6, "fields": {"password": "tWE8Og*K+$", "last_login": null, "is_superuser": false, "username": "martinlinda", "first_name": "", "last_name": "", "email": "whitejeremy@yahoo.com", "is_staff": false, "is_active": true, "date_joined": "2018-11-07T05:21:23.557Z", "name": "Carl Fry", "groups": [], "user_permissions": []}}, {"model": "users.user", "pk": 7, "fields": {"password": "E&3B6qwpT)", "last_login": null, "is_superuser": false, "username": "qkennedy", "first_name": "", "last_name": "", "email": "tyler96@francis.com", "is_staff": false, "is_active": true, "date_joined": "2018-11-07T05:29:09.546Z", "name": "Noah Rogers", "groups": [], "user_permissions": []}}, {"model": "users.user", "pk": 8, "fields": {"password": "62+7YPef%+", "last_login": null, "is_superuser": false, "username": "travisavila", "first_name": "", "last_name": "", "email": "piercerodney@brown.com", "is_staff": false, "is_active": true, "date_joined": "2018-11-07T05:29:47.421Z", "name": "Jennifer Russell", "groups": [], "user_permissions": []}}, {"model": "users.user", "pk": 9, "fields": {"password": "j(9Q_i%w#8", "last_login": null, "is_superuser": false, "username": "henryharvey", "first_name": "", "last_name": "", "email": "catherine11@higgins.com", "is_staff": false, "is_active": true, "date_joined": "2018-11-07T05:29:47.457Z", "name": "Elizabeth Decker", "groups": [], "user_permissions": []}}, {"model": "users.user", "pk": 10, "fields": {"password": "#U8u4L+hmi", "last_login": null, "is_superuser": false, "username": "parsonsanthony", "first_name": "", "last_name": "", "email": "nancy76@young-johnson.net", "is_staff": false, "is_active": true, "date_joined": "2018-11-07T05:29:47.482Z", "name": "Cindy Salinas", "groups": [], "user_permissions": []}}, {"model": "domain.cliente", "pk": 2, "fields": {"user": 2, "nombre": "Andrea Mills", "correo": "jillturner@gmail.com", "documento": "944-84-4677", "tipoDocumento": 3, "direccion": "03509 Reynolds Ford\nPort Lisaburgh, MA 66813", "telefono": "482.691.4007"}}, {"model": "domain.cliente", "pk": 3, "fields": {"user": 3, "nombre": "Jesus Greer", "correo": "robert41@gmail.com", "documento": "961-87-6628", "tipoDocumento": 4, "direccion": "1383 Singh Junctions Apt. 815\nNew Carol, SD 23187", "telefono": "843.396.8333x60509"}}, {"model": "domain.cliente", "pk": 4, "fields": {"user": 4, "nombre": "Jamie Moore", "correo": "william75@lewis.com", "documento": "953-95-5593", "tipoDocumento": 1, "direccion": "0400 Craig Ports Suite 406\nDiazshire, AL 60366", "telefono": "+02(8)9475022609"}}, {"model": "domain.cliente", "pk": 5, "fields": {"user": 5, "nombre": "Lindsey Stevenson", "correo": "tara63@malone.com", "documento": "929-85-5227", "tipoDocumento": 3, "direccion": "7109 Bishop Passage Apt. 225\nEast Dylanton, OR 60733", "telefono": "912-969-6835"}}, {"model": "domain.cliente", "pk": 6, "fields": {"user": 6, "nombre": "Laurie Henderson", "correo": "dunnashley@robinson.com", "documento": "992-76-4832", "tipoDocumento": 2, "direccion": "379 Cathy Dale Apt. 518\nJenniferville, NY 15577", "telefono": "298-234-6406"}}, {"model": "domain.cliente", "pk": 7, "fields": {"user": 7, "nombre": "Christina Lamb", "correo": "baldwinrobert@morrison.com", "documento": "925-88-5058", "tipoDocumento": 4, "direccion": "3230 Turner Way\nBruceside, SC 04197", "telefono": "(193)882-7102x778"}}, {"model": "domain.cliente", "pk": 8, "fields": {"user": 8, "nombre": "Lawrence Baker", "correo": "deborahjohnson@williams-nelson.org", "documento": "961-85-2105", "tipoDocumento": 2, "direccion": "Unit 3527 Box 5672\nDPO AP 86619", "telefono": "(654)293-7252"}}, {"model": "domain.cliente", "pk": 9, "fields": {"user": 9, "nombre": "Claire Jackson", "correo": "cmadden@gmail.com", "documento": "982-97-0734", "tipoDocumento": 3, "direccion": "50195 Anderson Divide Apt. 910\nLake Kathrynchester, AK 99047", "telefono": "447-188-6426"}}, {"model": "domain.cliente", "pk": 10, "fields": {"user": 10, "nombre": "Jennifer Dorsey", "correo": "palmerdeanna@riley-johnson.info", "documento": "970-99-5995", "tipoDocumento": 3, "direccion": "Unit 3632 Box 8618\nDPO AE 54125", "telefono": "(679)576-8052x995"}}]
